{
  "Author": "Taurenkey (Puni.sh),Shiyuvi(汉化)",
  "Name": "Saucy",
  "InternalName": "SaucyS",
  "AssemblyVersion": "1.4.1.1",
  "Description": "Automates certain Gold Saucer mini-games.",
  "ApplicableVersion": "any",
  "RepoUrl": "https://github.com/PunishXIV/Saucy",
  "Tags": [
    "gold saucer",
    "mgp",
    "automation"
  ],
  "DalamudApiLevel": 11,
  "LoadRequiredState": 0,
  "LoadSync": false,
  "LoadPriority": 0,
  "IconUrl": "https://love.puni.sh/resources/saucy.png",
  "Punchline": "When working for MGP is too much effort.",
  "Changelog": "- Patch update",
  "AcceptsFeedback": true
}